x1,x2,y
-1.49E+00,-4.80E-01,1.000000000000000000e+00
3.212265722574620952e-01,2.057072324748785874e+00,0.000000000000000000e+00
-1.38E+00,-1.55E-01,1.000000000000000000e+00
-1.58E+00,-1.99E+00,1.000000000000000000e+00
9.145023601167973082e-01,5.260783474781473013e-01,0.000000000000000000e+00
1.558012978148961114e+00,2.437510584079358722e+00,0.000000000000000000e+00
1.042338415729483714e+00,9.030114697826839842e-01,0.000000000000000000e+00
2.183477569269361762e+00,1.126747112346863533e+00,0.000000000000000000e+00
1.982202965638067749e+00,-4.82E-01,0.000000000000000000e+00
4.949766879108845608e-01,4.874098609661642323e-01,0.000000000000000000e+00
-1.17E+00,3.744146470733020315e+00,0.000000000000000000e+00
-3.69E-01,-3.95E-01,1.000000000000000000e+00
-1.21E+00,1.813130999514677821e+00,1.000000000000000000e+00
1.468373353752287391e+00,7.519892718392049424e-01,0.000000000000000000e+00
2.434762252055659992e-01,3.409325219052880218e+00,0.000000000000000000e+00
6.094035020951200643e-01,1.386231104606010289e+00,0.000000000000000000e+00
4.645270011206931726e-01,1.640731503714136119e+00,0.000000000000000000e+00
-1.55E+00,-2.38E+00,1.000000000000000000e+00
-1.07E+00,-4.35E-01,1.000000000000000000e+00
1.948910755312872611e+00,-3.51E-01,0.000000000000000000e+00
2.729552625915701469e+00,5.204764123138797549e-01,0.000000000000000000e+00
-5.42E-01,-1.55E+00,1.000000000000000000e+00
-9.88E-01,-1.25E+00,1.000000000000000000e+00
-2.16E-01,-1.83E+00,1.000000000000000000e+00
-3.05E-01,-3.30E+00,1.000000000000000000e+00
-8.57E-01,-4.85E-01,1.000000000000000000e+00
1.042286357206019476e+00,1.549720697972241934e-01,0.000000000000000000e+00
-8.95E-01,-1.03E+00,1.000000000000000000e+00
-2.33E-01,1.760996481419966120e+00,0.000000000000000000e+00
6.222102588709260695e-01,2.818378591914306508e+00,0.000000000000000000e+00
-1.50E+00,3.249046996467706450e+00,0.000000000000000000e+00
4.954978481118131883e-01,1.182264349814446724e+00,0.000000000000000000e+00
-1.77E+00,1.206531491300840475e+00,1.000000000000000000e+00
-2.09E+00,9.104334664074098526e-01,1.000000000000000000e+00
-1.73E+00,-1.31E+00,1.000000000000000000e+00
1.582442479813753300e+00,1.452761380491336629e+00,0.000000000000000000e+00
-2.10E+00,-4.17E-01,1.000000000000000000e+00
6.503871512532848342e-01,1.652328278289776797e+00,0.000000000000000000e+00
-7.86E-01,-1.34E+00,1.000000000000000000e+00
1.209756728342943621e-01,2.450474072835212347e+00,0.000000000000000000e+00
1.528416500776103026e+00,6.357688196514078571e-01,0.000000000000000000e+00
-1.31E+00,1.759310161016728991e+00,1.000000000000000000e+00
2.216284730262620961e-01,-7.07E-01,1.000000000000000000e+00
2.364904366937999658e+00,1.441409261135625286e+00,0.000000000000000000e+00
-2.30E-01,-1.49E+00,1.000000000000000000e+00
-1.18E+00,-1.93E+00,1.000000000000000000e+00
-1.71E+00,1.597363274704314828e-01,1.000000000000000000e+00
1.634096392182944613e-01,-2.82E+00,1.000000000000000000e+00
-4.90E-01,2.469240462022136651e+00,0.000000000000000000e+00
1.620947713987342942e+00,7.530162525755067504e-01,0.000000000000000000e+00
-3.55E-01,-1.14E+00,1.000000000000000000e+00
-1.15E-01,-3.30E+00,1.000000000000000000e+00
1.812579001776216225e+00,3.439626457121630065e-01,0.000000000000000000e+00
-1.17E+00,2.505716143787145356e+00,0.000000000000000000e+00
1.627124543344377727e+00,-6.91E-02,0.000000000000000000e+00
-1.67E+00,2.839887587424374971e+00,1.000000000000000000e+00
-2.80E-01,7.930017578701717973e-01,0.000000000000000000e+00
3.400589970765414360e+00,-1.68E+00,0.000000000000000000e+00
1.648798739634128818e+00,1.004169188842367388e+00,0.000000000000000000e+00
-4.69E-01,-2.18E+00,1.000000000000000000e+00
1.080037632163189487e+00,1.541001248419732184e+00,0.000000000000000000e+00
-1.86E+00,-1.20E+00,1.000000000000000000e+00
-1.69E+00,-1.72E+00,1.000000000000000000e+00
1.633154699618297734e+00,-1.91E-01,0.000000000000000000e+00
1.231807952336464229e+00,3.990317855746443598e-01,0.000000000000000000e+00
2.727621529711435344e-01,1.599714263996330210e+00,0.000000000000000000e+00
2.010966962964607418e+00,1.301313737936650172e+00,0.000000000000000000e+00
-2.28E+00,-1.43E-01,1.000000000000000000e+00
-1.38E+00,-1.96E+00,1.000000000000000000e+00
4.632876551894050676e-01,-1.79E+00,1.000000000000000000e+00
-1.07E+00,2.631710353272098679e+00,0.000000000000000000e+00
1.252078043881125202e+00,8.589594934485789146e-01,0.000000000000000000e+00
-2.78E-01,2.968834155588567114e+00,0.000000000000000000e+00
-1.57E+00,5.647590831995551452e-01,1.000000000000000000e+00
-6.79E-01,3.260769832833259496e+00,0.000000000000000000e+00
-1.50E-01,3.077468599082731959e+00,0.000000000000000000e+00
1.012808104932476860e+00,3.453361927690430377e-01,0.000000000000000000e+00
-1.73E+00,3.367217958089754326e-01,1.000000000000000000e+00
-2.06E+00,1.033056571519926248e+00,1.000000000000000000e+00
1.304415057182785276e+00,4.674336519282488167e-01,0.000000000000000000e+00
-2.93E+00,-1.37E+00,1.000000000000000000e+00
-6.00E-01,4.040828853278367050e-01,1.000000000000000000e+00
-8.71E-02,-3.11E+00,1.000000000000000000e+00
1.263268786171564573e+00,1.389195671999829740e+00,0.000000000000000000e+00
-5.07E-01,3.295809064657546639e+00,0.000000000000000000e+00
-9.42E-01,-1.96E-02,1.000000000000000000e+00
-5.08E-01,-1.17E+00,1.000000000000000000e+00
-1.66E-01,2.145453617741440944e+00,0.000000000000000000e+00
1.694710197894885084e+00,6.746486944006759856e-01,0.000000000000000000e+00
1.280368643895597014e+00,9.483528406532205635e-01,0.000000000000000000e+00
2.245696701553872021e+00,7.288278225816723355e-01,0.000000000000000000e+00
-1.26E-03,-1.40E+00,1.000000000000000000e+00
1.095194497279299295e+00,1.486121274723798624e+00,0.000000000000000000e+00
-1.08E+00,5.057398215675312780e-01,1.000000000000000000e+00
4.731138809141444135e-01,2.782751499581196608e+00,0.000000000000000000e+00
-2.10E+00,8.360965767515942115e-01,1.000000000000000000e+00
-4.55E-01,-2.00E+00,1.000000000000000000e+00
-9.10E-01,-6.79E-01,1.000000000000000000e+00
-1.23E+00,-8.58E-02,1.000000000000000000e+00
-4.91E-01,3.261971591678485716e+00,0.000000000000000000e+00
9.691295068401549750e-01,1.115394461228432776e+00,0.000000000000000000e+00
-1.12E+00,7.968741081934012094e-01,1.000000000000000000e+00
2.756523793539203404e-01,-1.73E+00,1.000000000000000000e+00
1.572574185243247546e+00,7.446859989391110268e-01,0.000000000000000000e+00
1.031306929705662068e+00,-1.14E+00,0.000000000000000000e+00
-7.24E-01,-1.02E+00,1.000000000000000000e+00
1.144788464541898421e+00,3.780726088292086784e-01,0.000000000000000000e+00
4.482410629901950605e-01,1.490258476864286585e+00,0.000000000000000000e+00
-3.32E-01,-2.41E+00,1.000000000000000000e+00
1.899217898474705457e+00,-3.14E-01,0.000000000000000000e+00
1.080952423428816367e+00,2.195764457941546954e+00,0.000000000000000000e+00
2.989213474339922350e-01,8.269452750685368780e-01,0.000000000000000000e+00
1.410399394354755254e+00,4.627894129415652813e-01,0.000000000000000000e+00
9.999257149897664565e-01,8.869600245188636878e-01,0.000000000000000000e+00
1.465961144884844469e-01,2.002873590990678299e+00,0.000000000000000000e+00
7.422911322181255933e-01,-3.70E-01,0.000000000000000000e+00
1.669061103897925502e+00,-1.29E-01,0.000000000000000000e+00
-1.02E+00,-7.75E-01,1.000000000000000000e+00
2.667219560926046729e+00,-4.56E-01,0.000000000000000000e+00
1.744806290909017177e+00,4.686593162078409036e-01,0.000000000000000000e+00
-1.17E+00,6.849158514689267507e-01,1.000000000000000000e+00
1.104217308621573551e-01,2.161724214206411254e+00,0.000000000000000000e+00
-8.90E-01,-9.76E-01,1.000000000000000000e+00
-1.33E+00,-1.17E+00,1.000000000000000000e+00
-5.89E-01,-1.05E+00,1.000000000000000000e+00
-4.45E-01,-9.92E-02,1.000000000000000000e+00
2.363390762315713267e-01,1.914311340653497062e+00,0.000000000000000000e+00
-1.46E+00,-1.57E+00,1.000000000000000000e+00
2.429785703475872971e+00,1.209944182661442102e-01,0.000000000000000000e+00
9.320855363980916630e-01,-1.01E+00,0.000000000000000000e+00
-2.02E+00,2.836784089648399787e-01,1.000000000000000000e+00
2.600872520251843678e+00,9.105068304542884849e-01,0.000000000000000000e+00
-1.94E+00,1.885043354033239416e+00,1.000000000000000000e+00
5.283242674707330222e-01,2.025017594943734789e+00,0.000000000000000000e+00
-1.35E+00,2.941977807548818435e-01,1.000000000000000000e+00
5.343210304230417984e-01,-1.95E+00,1.000000000000000000e+00
-4.85E-01,-2.15E+00,1.000000000000000000e+00
1.728365693236063594e+00,7.884447304215730368e-01,0.000000000000000000e+00
2.747143847257381921e+00,-2.62E-01,0.000000000000000000e+00
-1.30E+00,-1.08E+00,1.000000000000000000e+00
1.497148756352098653e+00,5.028709789877696679e-01,0.000000000000000000e+00
9.663082706254536580e-01,2.939068817244073983e+00,0.000000000000000000e+00
-1.95E+00,7.281622644846359460e-01,1.000000000000000000e+00
-6.45E-01,3.381031895980926016e+00,0.000000000000000000e+00
-8.33E-01,-6.27E-01,1.000000000000000000e+00
-4.33E-01,-1.25E+00,1.000000000000000000e+00
-1.54E+00,2.855453444281927933e+00,0.000000000000000000e+00
-4.08E-01,-1.15E+00,1.000000000000000000e+00
-1.08E+00,-2.61E+00,1.000000000000000000e+00
6.074847837031470688e-01,-3.01E+00,1.000000000000000000e+00
-1.61E+00,-7.47E-01,1.000000000000000000e+00
-1.30E+00,-2.30E+00,1.000000000000000000e+00
6.685138319941789087e-01,-1.48E-01,0.000000000000000000e+00
6.757549329372140035e-01,2.151260092984081052e+00,0.000000000000000000e+00
-8.29E-01,-2.03E+00,1.000000000000000000e+00
2.137234394474874843e+00,1.204617336192847832e+00,0.000000000000000000e+00
2.140187156299400595e+00,1.377947649517822448e+00,0.000000000000000000e+00
2.315782796104616903e+00,-1.05E+00,0.000000000000000000e+00
-1.82E-01,-5.28E-01,1.000000000000000000e+00
-1.18E+00,-1.76E+00,1.000000000000000000e+00
-2.78E-01,-2.46E+00,1.000000000000000000e+00
-2.22E-01,2.164204603875268251e+00,1.000000000000000000e+00
-7.37E-01,-1.49E+00,1.000000000000000000e+00
-1.94E+00,5.923373998035277310e-01,1.000000000000000000e+00
-3.54E-01,-1.15E+00,1.000000000000000000e+00
-1.88E+00,7.560512914588779498e-01,1.000000000000000000e+00
1.736835918709120685e+00,6.059060438277608096e-01,0.000000000000000000e+00
-3.65E-01,-6.67E-01,1.000000000000000000e+00
-2.07E-01,-2.55E+00,1.000000000000000000e+00
-5.43E-01,-1.20E+00,1.000000000000000000e+00
8.452544365843764895e-01,1.209493378465493985e+00,0.000000000000000000e+00
-2.33E-01,-7.45E-01,1.000000000000000000e+00
-1.92E+00,3.608497608426866066e-01,1.000000000000000000e+00
-1.05E+00,-2.35E+00,1.000000000000000000e+00
-5.43E-01,-3.10E+00,1.000000000000000000e+00
-2.77E-01,-8.27E-01,1.000000000000000000e+00
8.402615580524730454e-01,-3.06E-01,0.000000000000000000e+00
-1.38E+00,-1.39E+00,1.000000000000000000e+00
-1.23E+00,-1.34E+00,1.000000000000000000e+00
-2.21E+00,-1.30E+00,1.000000000000000000e+00
-2.52E+00,-1.38E+00,1.000000000000000000e+00
6.167588291890666596e-01,6.341554732879948197e-01,0.000000000000000000e+00
-1.79E+00,-7.55E-01,1.000000000000000000e+00
7.579684256136226539e-01,-2.42E+00,1.000000000000000000e+00
1.439569581348487448e+00,4.846935747079699763e-01,0.000000000000000000e+00
-1.24E+00,-1.26E+00,1.000000000000000000e+00
1.729914594274552186e+00,1.661799191705232825e+00,0.000000000000000000e+00
1.850408669951595586e+00,1.978691707297302704e+00,0.000000000000000000e+00
-6.35E-01,-2.83E+00,1.000000000000000000e+00
1.382548479588976420e+00,2.193624368112662981e-01,0.000000000000000000e+00
4.124296012454233273e-01,-3.39E+00,1.000000000000000000e+00
2.525922125893421022e+00,6.366377108356526815e-01,0.000000000000000000e+00
-5.10E-02,-1.61E-01,0.000000000000000000e+00
7.952618307200119974e-01,2.888346126865301011e-01,0.000000000000000000e+00
1.102471251671707009e+00,-8.62E-01,0.000000000000000000e+00
1.023052534320953333e+00,1.681141152651183246e+00,0.000000000000000000e+00
-2.02E+00,8.151850307651293814e-01,1.000000000000000000e+00
-9.62E-01,1.975871981610382022e-01,1.000000000000000000e+00
-1.34E+00,-4.73E-01,1.000000000000000000e+00
2.952575968991677957e+00,-1.46E+00,0.000000000000000000e+00
-1.14E+00,-1.56E+00,1.000000000000000000e+00
2.064885747754668710e+00,7.981949722579444462e-01,0.000000000000000000e+00
1.980876915566909036e+00,5.225552553888248575e-01,0.000000000000000000e+00
-1.10E+00,-8.93E-01,1.000000000000000000e+00
5.629650041902977131e-01,1.246972664638877681e+00,0.000000000000000000e+00
-8.03E-01,-1.75E+00,0.000000000000000000e+00
-7.91E-01,8.698483886829366796e-01,1.000000000000000000e+00
-2.36E+00,3.893981554736740125e-01,1.000000000000000000e+00
-1.11E+00,-1.32E+00,1.000000000000000000e+00
-3.24E+00,1.070874383596485568e+00,1.000000000000000000e+00
1.453383194327764638e+00,2.506578814474160199e-01,0.000000000000000000e+00
5.962485297679740448e-01,1.600984083528827151e+00,0.000000000000000000e+00
1.256946557023381983e+00,1.740405253211658732e+00,0.000000000000000000e+00
6.494715325800727301e-01,8.948913692247361107e-01,0.000000000000000000e+00
8.743380263048950995e-01,2.907560224985666242e+00,0.000000000000000000e+00
-1.13E-01,1.397328379717702074e+00,0.000000000000000000e+00
3.182890481945789496e+00,-2.12E-01,0.000000000000000000e+00
-9.91E-02,2.006274581221100917e+00,0.000000000000000000e+00
1.109474643857576659e+00,-2.50E+00,1.000000000000000000e+00
1.925394842679905905e+00,2.974403993516859246e-01,0.000000000000000000e+00
-9.32E-01,1.750489179169711251e+00,1.000000000000000000e+00
3.934515490159418150e-01,1.230882480776571253e+00,0.000000000000000000e+00
6.046694506070762198e-01,-2.34E-01,0.000000000000000000e+00
-1.99E-01,1.945276419245237198e+00,0.000000000000000000e+00
1.979144634792375346e+00,7.676092121281135050e-01,0.000000000000000000e+00
1.420211736995649898e-01,-2.31E-01,0.000000000000000000e+00
-7.18E-01,-2.35E+00,1.000000000000000000e+00
-6.05E-03,-7.12E-01,1.000000000000000000e+00
1.569502978872115095e+00,2.099392108189147343e+00,0.000000000000000000e+00
1.375005996645713768e+00,8.348097681673409820e-01,0.000000000000000000e+00
2.925430529137032387e+00,8.654708262893688608e-02,0.000000000000000000e+00
3.464657312039630677e-01,2.890510543645036456e+00,0.000000000000000000e+00
-5.12E-01,-1.47E+00,1.000000000000000000e+00
7.421589329570636995e-01,-2.60E+00,1.000000000000000000e+00
2.240056468578525972e-01,1.370190671357204071e+00,0.000000000000000000e+00
1.124242453876070691e+00,5.020489812746833369e-01,0.000000000000000000e+00
-2.25E+00,-5.04E-01,1.000000000000000000e+00
-1.52E+00,2.741853684023464854e+00,0.000000000000000000e+00
-1.52E-01,6.766428091696243818e-01,0.000000000000000000e+00
1.325997052801295206e+00,1.140774805178550011e+00,0.000000000000000000e+00
-1.06E+00,1.621019887888489885e-01,1.000000000000000000e+00
2.060934132054696111e+00,-7.21E-01,0.000000000000000000e+00
3.884668260218759883e-01,4.076758384099878341e-01,0.000000000000000000e+00
-1.78E+00,7.793989430155968678e-01,1.000000000000000000e+00
-3.28E-01,-1.76E+00,1.000000000000000000e+00
-2.53E+00,-3.35E-01,1.000000000000000000e+00
3.164461515357164245e-01,9.868948799622632162e-01,0.000000000000000000e+00
3.855188081518024390e+00,-1.31E+00,0.000000000000000000e+00
-8.25E-02,-1.15E+00,1.000000000000000000e+00
7.196834658721964484e-01,2.426701734848219605e+00,0.000000000000000000e+00
1.562012488899585216e+00,6.228800936314635717e-01,0.000000000000000000e+00
3.792441660332233622e-01,5.387215742025939225e-01,0.000000000000000000e+00
1.880223591795509241e+00,4.375886211755860566e-01,0.000000000000000000e+00
-4.59E-01,-5.89E-01,1.000000000000000000e+00
-9.78E-01,-3.51E-01,1.000000000000000000e+00
1.087102807878561062e-01,-1.82E+00,1.000000000000000000e+00
-1.23E+00,4.811412035358316186e-01,1.000000000000000000e+00
-3.60E-01,-1.62E+00,1.000000000000000000e+00
5.375920443060251408e-01,8.549294655081274286e-01,0.000000000000000000e+00
-1.55E-01,2.954207792358390705e+00,0.000000000000000000e+00
7.281778795260490655e-01,2.429888441515252850e+00,0.000000000000000000e+00
1.665087044837637309e-01,1.964282782868729260e+00,0.000000000000000000e+00
1.854442613824407449e+00,1.968400212574529240e-01,0.000000000000000000e+00
-1.42E+00,8.631322108726514619e-01,1.000000000000000000e+00
-2.08E+00,1.904403666154297570e+00,1.000000000000000000e+00
-1.75E+00,-2.96E+00,1.000000000000000000e+00
-8.13E-01,2.989634648639309944e+00,0.000000000000000000e+00
1.521181187459424766e+00,1.836045324587842753e-02,0.000000000000000000e+00
-6.26E-01,-1.98E-01,1.000000000000000000e+00
1.841061658636467646e+00,-2.31E+00,1.000000000000000000e+00
-6.72E-01,-1.81E+00,1.000000000000000000e+00
2.005713587126274344e+00,9.312211647697098416e-01,0.000000000000000000e+00
1.581021114604381106e+00,9.889792776456080015e-01,0.000000000000000000e+00
1.727767042036154388e+00,3.084514582881136557e-01,0.000000000000000000e+00
-1.24E+00,-1.13E-01,1.000000000000000000e+00
2.366897696743881951e+00,1.249798394616879804e+00,0.000000000000000000e+00
-6.43E-01,-5.14E-01,1.000000000000000000e+00
3.739184705150778720e-01,1.082496114331230830e+00,0.000000000000000000e+00
1.039037600140285456e+00,7.581788951828235534e-01,0.000000000000000000e+00
1.127657106601861248e+00,1.212180811011221548e+00,0.000000000000000000e+00
-1.53E+00,2.177564104033261061e-01,1.000000000000000000e+00
4.608599173245123692e-01,9.652180517831977502e-01,0.000000000000000000e+00
-1.10E+00,-2.37E+00,1.000000000000000000e+00
-9.89E-01,-3.45E+00,1.000000000000000000e+00
-2.53E-02,9.422406306607072901e-02,1.000000000000000000e+00
2.757054960700199286e-01,-3.29E+00,1.000000000000000000e+00
2.983645313357249362e-01,2.134854406179428121e+00,0.000000000000000000e+00
2.099987075144471138e+00,4.217851167590849770e-01,0.000000000000000000e+00
-2.18E+00,4.384853247143252197e-01,1.000000000000000000e+00
2.492375846423178221e+00,-4.65E-01,0.000000000000000000e+00
-1.84E-01,-2.77E+00,1.000000000000000000e+00
-1.99E+00,9.258944126358228943e-02,1.000000000000000000e+00
1.528277898843358962e+00,1.845070740221123717e+00,0.000000000000000000e+00
-2.38E+00,1.384673581056328651e+00,1.000000000000000000e+00
-1.16E+00,-1.90E+00,1.000000000000000000e+00
9.528565531833390612e-01,1.274989426261647019e+00,0.000000000000000000e+00
8.309649858804115663e-01,-1.77E-01,0.000000000000000000e+00
1.548109733589924542e+00,1.173786418609128690e+00,0.000000000000000000e+00
-7.23E-01,-1.07E+00,1.000000000000000000e+00
1.681801567567769329e+00,1.909156813216044135e-01,0.000000000000000000e+00
1.657166321024044209e-01,-2.64E+00,1.000000000000000000e+00
5.093774677122389072e-01,9.787902531746454082e-01,0.000000000000000000e+00
5.536886957998754522e-01,1.965219880790768370e+00,0.000000000000000000e+00
-2.22E+00,4.317981110096691388e-01,1.000000000000000000e+00
-7.52E-01,-1.52E+00,1.000000000000000000e+00
-2.65E-01,-4.22E-01,1.000000000000000000e+00
-4.35E-01,2.055710483089825846e+00,0.000000000000000000e+00
-1.50E+00,-2.20E-01,1.000000000000000000e+00
-9.07E-01,-5.05E-01,1.000000000000000000e+00
1.012944914316031619e+00,1.365922618623724771e+00,0.000000000000000000e+00
-9.61E-01,-1.99E+00,1.000000000000000000e+00
1.781965813828753298e+00,-4.53E-01,0.000000000000000000e+00
-1.78E+00,-1.25E-01,1.000000000000000000e+00
2.029228902764708131e+00,2.675708671362411195e+00,0.000000000000000000e+00
1.186240159146631834e+00,5.562106176882224418e-01,0.000000000000000000e+00
-5.80E-01,-3.59E+00,1.000000000000000000e+00
2.755473121166660100e+00,-5.54E-01,0.000000000000000000e+00
6.199033239205882229e-01,-1.65E-01,0.000000000000000000e+00
-5.03E-01,-5.99E-01,1.000000000000000000e+00
-5.28E-01,-2.57E+00,1.000000000000000000e+00
-2.32E-01,2.351449988430454940e+00,0.000000000000000000e+00
-1.41E+00,-1.11E+00,1.000000000000000000e+00
-2.35E-01,-4.43E+00,1.000000000000000000e+00
1.253610587998093884e+00,-5.00E-03,0.000000000000000000e+00
1.416287245664211714e+00,1.353268430430022651e+00,0.000000000000000000e+00
2.828725580660961803e-01,1.038360697194610660e+00,0.000000000000000000e+00
-1.51E+00,-1.86E+00,1.000000000000000000e+00
-1.18E+00,7.443595536583066941e-02,1.000000000000000000e+00
-2.95E-01,2.831410790159391677e+00,0.000000000000000000e+00
9.690199105754013220e-03,-1.43E+00,1.000000000000000000e+00
-6.14E-02,-9.57E-02,1.000000000000000000e+00
-2.08E+00,-5.51E-01,1.000000000000000000e+00
1.948676473454504510e-01,5.658840037758419150e-01,1.000000000000000000e+00
6.484839082160370749e-01,1.185330793111943892e+00,0.000000000000000000e+00
-1.16E+00,-1.05E+00,1.000000000000000000e+00
-3.87E-01,-2.58E+00,1.000000000000000000e+00
-1.56E+00,-4.98E-02,1.000000000000000000e+00
1.786537994373974092e+00,1.193427339275762389e+00,0.000000000000000000e+00
-4.25E-02,8.121497211306508701e-01,0.000000000000000000e+00
-1.49E+00,-7.14E-01,1.000000000000000000e+00
3.092049217621036239e-01,2.020101158958504062e+00,0.000000000000000000e+00
1.070566067128546406e+00,-1.04E+00,0.000000000000000000e+00
-2.40E-01,1.948647092037655737e+00,0.000000000000000000e+00
1.070548578067281653e+00,2.470031338175799618e-01,0.000000000000000000e+00
-2.54E+00,-2.58E-01,1.000000000000000000e+00
6.234473744722387467e-01,1.692837764731353722e+00,0.000000000000000000e+00
1.358201882896933332e+00,-6.16E-01,0.000000000000000000e+00
2.534129976306614296e+00,-1.66E+00,0.000000000000000000e+00
1.598639278905890637e-01,2.920588092860436191e+00,0.000000000000000000e+00
-7.42E-01,2.192751732951784494e+00,0.000000000000000000e+00
1.000766047102085166e+00,2.147590533190989692e+00,0.000000000000000000e+00
-5.77E-01,-1.83E+00,1.000000000000000000e+00
1.601999345637874494e-01,-2.68E+00,1.000000000000000000e+00
-1.51E+00,7.036103791033759824e-01,1.000000000000000000e+00
-7.75E-01,1.300337122786313637e+00,0.000000000000000000e+00
-8.96E-01,-1.33E+00,1.000000000000000000e+00
1.163948876685185096e+00,5.965010768134684227e-01,0.000000000000000000e+00
-3.46E-01,-1.21E+00,1.000000000000000000e+00
-3.80E-01,-9.01E-01,1.000000000000000000e+00
1.356957486383621569e+00,3.755825702856729897e-01,0.000000000000000000e+00
1.158911788531092002e+00,1.127660648709384761e+00,0.000000000000000000e+00
-1.39E+00,-2.08E-01,1.000000000000000000e+00
1.395568750500838062e+00,-1.01E+00,0.000000000000000000e+00
1.841768447705170175e-01,-1.05E+00,1.000000000000000000e+00
3.430397182368687126e-02,-2.43E+00,1.000000000000000000e+00
5.063003822230490725e-01,9.839203698119501906e-01,0.000000000000000000e+00
-2.88E+00,2.241560179550587506e+00,1.000000000000000000e+00
1.777041515532270521e+00,-1.02E+00,0.000000000000000000e+00
2.790662062228643769e+00,-3.49E-02,0.000000000000000000e+00
-6.20E-01,-1.41E+00,1.000000000000000000e+00
-1.34E+00,2.951225703223898100e-01,1.000000000000000000e+00
-1.47E+00,-4.57E-01,1.000000000000000000e+00
-5.27E-01,-7.51E-01,1.000000000000000000e+00
-1.32E+00,1.989650970028703725e+00,0.000000000000000000e+00
-1.14E+00,1.845542050909616261e-01,1.000000000000000000e+00
1.587430332256686727e+00,4.996566724261121695e-01,0.000000000000000000e+00
-1.29E+00,-6.69E-01,1.000000000000000000e+00
1.503368771206564425e+00,1.150771595630558197e+00,0.000000000000000000e+00
2.079617073930412730e+00,-2.17E-01,0.000000000000000000e+00
-2.09E+00,-1.48E+00,1.000000000000000000e+00
-5.69E-01,-2.07E+00,1.000000000000000000e+00
-1.99E-01,-1.20E+00,1.000000000000000000e+00
-5.62E-01,-1.51E+00,1.000000000000000000e+00
1.842701688645417835e-01,-1.21E+00,1.000000000000000000e+00
-6.11E-01,-1.06E+00,1.000000000000000000e+00
4.627244897462215456e-01,2.124619515591807062e+00,0.000000000000000000e+00
-2.19E-01,8.667771529702809064e-01,0.000000000000000000e+00
1.358153463933224003e+00,2.192199582028344196e+00,0.000000000000000000e+00
7.195082031464622441e-01,1.576379309932371298e+00,0.000000000000000000e+00
1.467553084033769439e-01,3.260327986932672673e+00,0.000000000000000000e+00
-9.02E-01,-1.38E+00,1.000000000000000000e+00
-1.48E+00,7.126225716372354135e-01,1.000000000000000000e+00
-1.56E-01,3.031851012440652582e+00,0.000000000000000000e+00
-1.51E+00,-6.82E-01,1.000000000000000000e+00
-7.79E-01,-3.55E+00,1.000000000000000000e+00
-8.92E-01,-3.93E-01,1.000000000000000000e+00
7.557211581274824175e-01,1.248808190049141009e+00,0.000000000000000000e+00
1.080374945509053441e+00,1.280962007905263267e+00,0.000000000000000000e+00
-1.72E+00,1.089790632573158558e+00,1.000000000000000000e+00
7.529857219496577381e-01,-6.09E-02,0.000000000000000000e+00
6.450312534750441973e-01,1.420413967091295415e+00,0.000000000000000000e+00
-1.58E+00,2.518107925710559303e-01,1.000000000000000000e+00
3.605334674660357064e-01,2.611745345467236579e+00,0.000000000000000000e+00
-1.07E-01,-5.75E-01,1.000000000000000000e+00
1.032973436640995057e+00,9.818767847394510584e-01,0.000000000000000000e+00
2.669636749439935564e+00,8.776407890826750657e-01,0.000000000000000000e+00
-1.45E+00,-7.82E-01,1.000000000000000000e+00
-1.17E+00,5.967506074928303761e-01,1.000000000000000000e+00
-1.88E+00,8.076227455452062998e-01,1.000000000000000000e+00
2.065404871703770961e-01,-2.08E-02,0.000000000000000000e+00
2.108861255280930269e+00,1.257818670832001384e+00,0.000000000000000000e+00
-1.01E+00,3.526106164384075203e-01,1.000000000000000000e+00
-2.99E-01,-2.44E+00,1.000000000000000000e+00
-1.55E+00,-1.76E+00,1.000000000000000000e+00
3.247445519353261978e-01,2.870731339897144352e+00,0.000000000000000000e+00
-3.41E-01,-4.44E-02,1.000000000000000000e+00
2.816216606957334001e+00,-1.77E-01,0.000000000000000000e+00
2.576936151259950902e-04,3.108288964597525350e+00,0.000000000000000000e+00
1.105619703242120888e+00,-2.77E+00,1.000000000000000000e+00
-1.48E+00,-8.59E-02,1.000000000000000000e+00
-1.07E+00,-1.86E+00,1.000000000000000000e+00
-4.04E-01,1.726430249914035819e+00,0.000000000000000000e+00
-1.29E+00,-2.70E-01,1.000000000000000000e+00
-4.26E-01,-8.96E-01,1.000000000000000000e+00
2.633435584630730575e-01,8.027510542122766601e-01,0.000000000000000000e+00
3.774164739822145620e-01,2.274759662550847050e+00,0.000000000000000000e+00
-9.31E-01,6.951561582152765428e-01,0.000000000000000000e+00
2.741826124165657741e-01,2.022523134633845920e+00,0.000000000000000000e+00
2.871769538811226874e-01,2.220009733182306988e+00,0.000000000000000000e+00
9.855827945289181713e-01,5.647919571300838992e-01,0.000000000000000000e+00
1.068172217784132405e+00,6.003168219619797741e-01,0.000000000000000000e+00
-1.31E+00,-2.46E+00,1.000000000000000000e+00
3.124615268853444761e+00,-2.18E-01,0.000000000000000000e+00
1.978869394678957283e+00,5.400430188802267661e-01,0.000000000000000000e+00
-2.37E+00,1.519408511929238315e-01,1.000000000000000000e+00
-9.42E-01,-1.10E+00,1.000000000000000000e+00
1.324289233482927486e+00,-2.15E-01,0.000000000000000000e+00
-5.37E-01,1.250837855637118023e+00,1.000000000000000000e+00
-1.86E-01,1.326625945852459632e+00,0.000000000000000000e+00
-4.77E-01,-8.99E-01,1.000000000000000000e+00
-7.85E-01,1.487410249585024991e+00,0.000000000000000000e+00
3.541073534322131677e-01,-1.26E+00,1.000000000000000000e+00
2.725131345615603440e+00,-1.15E+00,0.000000000000000000e+00
-1.11E+00,3.853478684827999490e-01,1.000000000000000000e+00
-3.38E-01,-3.34E+00,1.000000000000000000e+00
-5.83E-01,-1.85E+00,1.000000000000000000e+00
2.512700518654378823e-01,-1.22E+00,1.000000000000000000e+00
2.103338357039688855e+00,-7.68E-01,0.000000000000000000e+00
1.016441884954529140e+00,5.304395525779921350e-01,0.000000000000000000e+00
2.077483423357156855e+00,-4.36E-01,0.000000000000000000e+00
-3.03E-01,3.210097303941027658e+00,0.000000000000000000e+00
-1.17E+00,-2.89E+00,1.000000000000000000e+00
4.807168030429272432e-01,2.737679427981893898e-01,0.000000000000000000e+00
-1.94E+00,4.989221663331522283e-01,1.000000000000000000e+00
2.172229072475668210e-01,1.547719753392011510e+00,0.000000000000000000e+00
-2.12E+00,-1.46E+00,1.000000000000000000e+00
-1.08E+00,-1.53E+00,1.000000000000000000e+00
1.151842334806029378e+00,2.301196896583515006e+00,0.000000000000000000e+00
5.492879048419622157e-01,1.155132903959796842e+00,0.000000000000000000e+00
1.521292843948214513e+00,-8.16E-01,1.000000000000000000e+00
-1.06E+00,-2.14E+00,1.000000000000000000e+00
4.496353211005930661e-01,-1.60E+00,1.000000000000000000e+00
-1.46E+00,1.567444256313655693e+00,1.000000000000000000e+00
6.371727907422080062e-01,1.895031156754999557e+00,0.000000000000000000e+00
2.144831599798217303e-01,-3.49E+00,1.000000000000000000e+00
3.062569678619791458e-01,1.123108983245099113e+00,0.000000000000000000e+00
-1.08E+00,-1.32E+00,1.000000000000000000e+00
-6.73E-01,-1.20E+00,1.000000000000000000e+00
1.106641536301242290e+00,1.480507951738985195e-01,0.000000000000000000e+00
-8.01E-01,-4.25E+00,1.000000000000000000e+00
2.613354446022358335e+00,2.665897281214164138e+00,0.000000000000000000e+00
2.532741557682227196e+00,2.023330756794272656e-02,0.000000000000000000e+00
-9.97E-05,7.393713348889563441e-01,0.000000000000000000e+00
-1.41E+00,-2.15E+00,1.000000000000000000e+00
-4.14E-01,5.054633089894901010e-01,1.000000000000000000e+00
8.378793777844070201e-01,2.328491835532948251e+00,0.000000000000000000e+00
-1.08E+00,7.374114992209086505e-01,1.000000000000000000e+00
1.300297900592334077e+00,1.745761752132524824e+00,0.000000000000000000e+00
1.608723531266687878e+00,1.456416455772835850e+00,0.000000000000000000e+00
7.561973815230677021e-01,4.309639661952575085e-01,0.000000000000000000e+00
-7.41E-01,-2.14E+00,1.000000000000000000e+00
8.396022019956302929e-01,1.297013857014594596e+00,0.000000000000000000e+00
-7.54E-01,-2.86E+00,1.000000000000000000e+00
1.319956137519171069e+00,1.100423982850285309e+00,0.000000000000000000e+00
-1.21E-01,1.207242153339819657e+00,0.000000000000000000e+00
-1.31E+00,-9.74E-01,1.000000000000000000e+00
-4.01E-01,3.056973113529261044e-01,1.000000000000000000e+00
-1.11E+00,2.789102674390892544e-01,1.000000000000000000e+00
4.010142509744501815e+00,-1.23E+00,0.000000000000000000e+00
-7.27E-01,-5.15E-01,1.000000000000000000e+00
1.530976999411112205e+00,4.294400088181987707e-01,0.000000000000000000e+00
-9.97E-01,2.367148154045641828e+00,0.000000000000000000e+00
-9.55E-01,-1.12E+00,1.000000000000000000e+00
1.423375985165155511e+00,3.193442627918384735e-01,0.000000000000000000e+00
5.232440068269019751e-01,-1.47E+00,1.000000000000000000e+00
-1.38E-01,2.035125625076031064e-01,1.000000000000000000e+00
-7.60E-01,-3.30E+00,1.000000000000000000e+00
9.780792605313453070e-01,3.518774690071219680e-01,0.000000000000000000e+00
-5.29E-02,1.918538474925747916e+00,0.000000000000000000e+00
1.009533743687138774e+00,1.820872613024044462e+00,0.000000000000000000e+00
1.581576103157969204e-01,1.516071669384265963e+00,0.000000000000000000e+00
-6.78E-01,-9.80E-01,1.000000000000000000e+00
9.802434820422284423e-03,-1.64E+00,1.000000000000000000e+00
3.304894136760760937e-01,3.498246935919091971e+00,0.000000000000000000e+00
5.900696868496517755e-01,8.028621165881865140e-01,0.000000000000000000e+00
-5.85E-01,1.953156184386686922e+00,0.000000000000000000e+00
2.689926262875252938e-01,1.851644567706647315e-01,1.000000000000000000e+00
2.723286428219451882e-01,2.377136876867729676e+00,0.000000000000000000e+00
2.607120784000003688e+00,5.369273739578940274e-01,0.000000000000000000e+00
-7.16E-01,-9.73E-01,1.000000000000000000e+00
-1.97E+00,-1.25E+00,1.000000000000000000e+00
-1.01E+00,-8.59E-01,1.000000000000000000e+00
2.853886565478039317e-01,1.962304119431700578e+00,0.000000000000000000e+00
1.258496901945267199e+00,1.436236808704562939e+00,0.000000000000000000e+00
-1.01E+00,-1.08E+00,1.000000000000000000e+00
-8.52E-01,-2.10E+00,1.000000000000000000e+00
3.595743470661207031e+00,-6.95E-01,0.000000000000000000e+00
1.692398466134512169e+00,1.097325220516346178e+00,0.000000000000000000e+00
-1.20E+00,-2.86E+00,1.000000000000000000e+00
1.131442743994943489e+00,1.067934458321540880e+00,0.000000000000000000e+00
-1.19E+00,-6.82E-01,1.000000000000000000e+00
1.894807413576022448e+00,-6.93E-01,0.000000000000000000e+00
6.417611530692599597e-01,2.291498292808007875e+00,0.000000000000000000e+00
1.114619073084135215e+00,3.517298317833847943e-01,0.000000000000000000e+00
-7.03E-01,-2.43E+00,1.000000000000000000e+00
-1.22E+00,2.026041568642751867e-01,1.000000000000000000e+00
1.315011936000293868e+00,1.631037046832911175e+00,0.000000000000000000e+00
1.573284526022693308e+00,1.792684738450014859e+00,0.000000000000000000e+00
-3.07E-01,-1.88E+00,1.000000000000000000e+00
1.141597712133825687e-01,-2.45E+00,1.000000000000000000e+00
6.585270968851597573e-01,-7.96E-01,1.000000000000000000e+00
-1.64E+00,-5.39E-01,1.000000000000000000e+00
-1.80E+00,-1.95E+00,1.000000000000000000e+00
-1.37E+00,-1.10E+00,1.000000000000000000e+00
1.768748406234051496e+00,1.023675035834781255e+00,0.000000000000000000e+00
-4.89E-01,1.546953689284455091e+00,0.000000000000000000e+00
-1.69E+00,-1.78E+00,1.000000000000000000e+00
5.837612684654959194e-01,-1.96E+00,1.000000000000000000e+00
-1.40E+00,-2.08E+00,1.000000000000000000e+00
9.497479253165833635e-01,1.389584068282766482e+00,0.000000000000000000e+00
1.911138097482732334e+00,1.044262733572861146e+00,0.000000000000000000e+00
1.151919391754920419e+00,4.666161204256741302e-01,0.000000000000000000e+00
-9.89E-01,-1.08E+00,1.000000000000000000e+00
-1.01E+00,-1.94E+00,1.000000000000000000e+00
-5.52E-01,-1.84E+00,1.000000000000000000e+00
1.142340486102868757e+00,1.105423977100943977e+00,0.000000000000000000e+00
-2.31E-01,-8.60E-01,1.000000000000000000e+00
-1.88E+00,-8.58E-01,1.000000000000000000e+00
5.899708523199542753e-01,-7.31E-01,1.000000000000000000e+00
1.154893692081730538e+00,1.562232220991637055e+00,0.000000000000000000e+00
-1.18E+00,1.899569892304837637e-01,1.000000000000000000e+00
9.484817053284587685e-01,1.651470489497205429e+00,0.000000000000000000e+00
-7.99E-01,-7.09E-01,1.000000000000000000e+00
2.348114170540145373e+00,2.288735763694404735e-01,0.000000000000000000e+00
-7.22E-01,-4.28E-01,0.000000000000000000e+00
-9.73E-01,-1.14E+00,1.000000000000000000e+00
-1.43E-02,-7.41E-01,1.000000000000000000e+00
-1.13E+00,-3.41E-01,1.000000000000000000e+00
-1.70E+00,-1.11E+00,1.000000000000000000e+00
-1.94E+00,-9.44E-01,1.000000000000000000e+00
1.078487429676562581e-02,1.705940106619483476e+00,0.000000000000000000e+00
-5.75E-01,-9.68E-01,1.000000000000000000e+00
-1.65E+00,-1.62E+00,1.000000000000000000e+00
-1.65E+00,1.646670846259322696e-01,1.000000000000000000e+00
-1.48E+00,-2.40E+00,1.000000000000000000e+00
-3.25E-01,6.885371265666114793e-01,0.000000000000000000e+00
-4.82E-01,-2.21E-01,1.000000000000000000e+00
-1.29E+00,-1.77E+00,1.000000000000000000e+00
1.106069441148327837e+00,1.937266096489438594e+00,0.000000000000000000e+00
1.661141275114242477e+00,-8.52E-02,0.000000000000000000e+00
-1.57E+00,1.486567989648622357e+00,1.000000000000000000e+00
1.263388040042676685e+00,2.115798516687880326e+00,0.000000000000000000e+00
2.446238450321442937e+00,2.436714176027907353e-01,0.000000000000000000e+00
-5.83E-01,3.126125638388949302e+00,0.000000000000000000e+00
-3.37E-01,-2.04E+00,1.000000000000000000e+00
-1.15E+00,-3.02E-01,1.000000000000000000e+00
-8.87E-01,-9.75E-01,1.000000000000000000e+00
1.327126600159458603e+00,7.200176002253061425e-01,0.000000000000000000e+00
-2.48E-02,-2.25E+00,1.000000000000000000e+00
5.029891124470019514e-01,6.579699592113367190e-01,0.000000000000000000e+00
-7.82E-01,-1.81E+00,1.000000000000000000e+00
-6.99E-01,-5.52E-01,1.000000000000000000e+00
-9.01E-01,-9.39E-02,1.000000000000000000e+00
-1.64E+00,-5.46E-02,1.000000000000000000e+00
1.388914540894093941e+00,9.946826315121261031e-01,0.000000000000000000e+00
-1.31E+00,1.370573477082467573e+00,1.000000000000000000e+00
1.330830167656096519e+00,2.167733662503574799e+00,0.000000000000000000e+00
6.763863860362976377e-01,3.110917795036096667e+00,0.000000000000000000e+00
-4.97E-01,-2.59E+00,1.000000000000000000e+00
-2.47E-01,-2.25E+00,1.000000000000000000e+00
2.126152786162961217e+00,5.051888256710619363e-01,0.000000000000000000e+00
-6.88E-01,-2.43E-01,1.000000000000000000e+00
6.469676426670024627e-01,7.836614874901421945e-01,0.000000000000000000e+00
-1.26E+00,-3.07E+00,1.000000000000000000e+00
-1.64E+00,1.079572174287654618e-01,1.000000000000000000e+00
7.124724090615729422e-01,2.021068604176996519e+00,0.000000000000000000e+00
1.101952964587771033e+00,8.758699994623526663e-01,0.000000000000000000e+00
1.192261753736381769e+00,-2.33E+00,1.000000000000000000e+00
2.474802683203841114e-01,2.881008178213011028e+00,0.000000000000000000e+00
-2.09E+00,-6.11E-01,1.000000000000000000e+00
5.534953292931793500e-01,-2.14E+00,1.000000000000000000e+00
-1.08E+00,9.061927965838945109e-02,1.000000000000000000e+00
1.015990794716292944e+00,1.913553352819102216e+00,0.000000000000000000e+00
4.023666741454821505e+00,-1.00E+00,0.000000000000000000e+00
1.188171591907408731e+00,1.076467590257205842e+00,0.000000000000000000e+00
7.104101273808529626e-01,3.048814141924658938e-01,0.000000000000000000e+00
1.472802150789216835e+00,4.722205890428111119e-01,0.000000000000000000e+00
9.617712466004905147e-01,1.043967563753840144e+00,0.000000000000000000e+00
1.616252035615801219e+00,-1.18E+00,0.000000000000000000e+00
1.127948035174512587e+00,9.522878196845508958e-01,0.000000000000000000e+00
1.897340277714782308e+00,9.657370959518380982e-01,0.000000000000000000e+00
-1.03E+00,-1.51E+00,1.000000000000000000e+00
-1.92E+00,8.078784168245605191e-01,1.000000000000000000e+00
8.192437887155233911e-01,1.683513296596918618e+00,0.000000000000000000e+00
4.658487582224211665e-01,2.515564601338111217e+00,0.000000000000000000e+00
-1.75E+00,1.910471533077100492e-01,1.000000000000000000e+00
-1.15E+00,2.246435587359936759e-01,1.000000000000000000e+00
3.023057533622365844e-01,1.126923920322454586e+00,0.000000000000000000e+00
8.446745135854782927e-02,-9.13E-01,1.000000000000000000e+00
1.695951260963235896e+00,-7.67E-01,0.000000000000000000e+00
9.188912139804000789e-01,7.578714894677431868e-01,0.000000000000000000e+00
-1.33E+00,7.474107039793487228e-01,1.000000000000000000e+00
9.662269110532870076e-02,2.559994303938134319e+00,0.000000000000000000e+00
-1.57E+00,-3.63E-01,1.000000000000000000e+00
-2.64E-02,1.298792858831224750e+00,0.000000000000000000e+00
-1.60E+00,6.746055547060348934e-01,1.000000000000000000e+00
-4.51E-01,-2.22E+00,1.000000000000000000e+00
7.838006485588514538e-01,6.217037085988519340e-01,0.000000000000000000e+00
-8.01E-01,-1.69E-01,1.000000000000000000e+00
-2.95E-01,1.062190691758074124e+00,0.000000000000000000e+00
2.000289867909751163e+00,-2.34E-01,0.000000000000000000e+00
1.978063019604069162e+00,1.107205708191018712e+00,0.000000000000000000e+00
3.794078993972115899e-01,1.988895432839527855e+00,0.000000000000000000e+00
-6.19E-01,-2.17E+00,1.000000000000000000e+00
-1.06E+00,-2.28E+00,1.000000000000000000e+00
7.684543661958479488e-01,-1.59E+00,1.000000000000000000e+00
-2.58E-01,1.704919182743048989e+00,0.000000000000000000e+00
-2.31E-02,-3.86E+00,1.000000000000000000e+00
9.840039043153768761e-01,1.400884951371570153e-01,0.000000000000000000e+00
-1.14E+00,2.425629802618635145e-01,1.000000000000000000e+00
1.787757599818817766e+00,2.221062862962560891e-01,0.000000000000000000e+00
1.988633991953506319e+00,8.522544940619369847e-01,0.000000000000000000e+00
2.554946792215853968e+00,1.472933897052070562e-01,0.000000000000000000e+00
5.586076042989718271e-01,1.672469914723801798e+00,0.000000000000000000e+00
1.295474078899172765e+00,1.806755270212718201e-01,0.000000000000000000e+00
8.364227037170955947e-01,-1.19E+00,1.000000000000000000e+00
-7.94E-01,-5.81E-01,1.000000000000000000e+00
-1.89E+00,6.739015309467637493e-01,1.000000000000000000e+00
-2.35E+00,-7.72E-01,1.000000000000000000e+00
-1.77E-02,7.005480883687464910e-01,0.000000000000000000e+00
2.831150685193407068e-01,5.548626965139022982e-01,1.000000000000000000e+00
1.500936831283709916e+00,3.291018820096611175e-01,0.000000000000000000e+00
4.371298565032194494e-01,5.509731568674364199e-01,0.000000000000000000e+00
-4.81E-01,-1.76E+00,1.000000000000000000e+00
-1.52E+00,-1.81E+00,1.000000000000000000e+00
-1.34E+00,-1.32E+00,1.000000000000000000e+00
-4.41E-01,2.462941094946019760e+00,0.000000000000000000e+00
2.875250183888258704e+00,7.522135968479454204e-02,0.000000000000000000e+00
-1.17E+00,-4.75E-02,1.000000000000000000e+00
-2.27E+00,9.680644745305280741e-02,1.000000000000000000e+00
-4.09E-01,-9.34E-01,1.000000000000000000e+00
-9.08E-01,2.012419222130688912e+00,0.000000000000000000e+00
-1.07E+00,-1.27E+00,1.000000000000000000e+00
-6.22E-02,-5.69E-01,1.000000000000000000e+00
1.581110201301320628e-01,1.115991256876146975e+00,0.000000000000000000e+00
5.885451690100145239e-01,1.260651137166372004e+00,0.000000000000000000e+00
2.308741759935435123e-01,1.140778977246182047e+00,0.000000000000000000e+00
-1.82E+00,1.184911923578844561e+00,1.000000000000000000e+00
-3.00E-01,-2.99E+00,1.000000000000000000e+00
1.023740909169811086e+00,2.198265620717471780e+00,0.000000000000000000e+00
8.437028992226656143e-01,2.564005671456982549e-01,0.000000000000000000e+00
3.371312108915919259e-02,1.873441433557576419e+00,0.000000000000000000e+00
-1.73E+00,-2.26E-01,1.000000000000000000e+00
3.681134824852960730e-01,-3.47E+00,1.000000000000000000e+00
1.498789035434952011e+00,9.452753278273443582e-01,0.000000000000000000e+00
5.111495189754500235e-01,6.325933944168996015e-02,0.000000000000000000e+00
-6.90E-01,-1.06E+00,1.000000000000000000e+00
-1.27E-01,-1.55E+00,1.000000000000000000e+00
-4.23E-01,-1.61E+00,1.000000000000000000e+00
7.883383008278752602e-01,6.849367646274059362e-01,0.000000000000000000e+00
-9.97E-01,-2.14E+00,1.000000000000000000e+00
-1.27E+00,-2.04E-01,1.000000000000000000e+00
-2.30E-01,-2.44E+00,1.000000000000000000e+00
-1.38E+00,-1.38E+00,1.000000000000000000e+00
1.011818226117664921e+00,2.334324571762592893e+00,0.000000000000000000e+00
-5.91E-02,1.429424264156454516e+00,0.000000000000000000e+00
-1.29E+00,-2.09E+00,1.000000000000000000e+00
-9.44E-01,-1.27E+00,1.000000000000000000e+00
-2.16E+00,-1.21E+00,1.000000000000000000e+00
1.879244087107828420e+00,1.119461344202663078e+00,0.000000000000000000e+00
1.785115840298696077e-01,-2.85E+00,1.000000000000000000e+00
3.948258730957934226e-01,-1.39E+00,1.000000000000000000e+00
3.864734599322826814e+00,-3.65E-01,0.000000000000000000e+00
4.203051696878751797e-01,3.710328566367886993e-01,0.000000000000000000e+00
7.488149030627596625e-01,-1.91E+00,1.000000000000000000e+00
9.201463620004340926e-01,1.767628567824552688e+00,0.000000000000000000e+00
6.548831235760096403e-01,5.352544400930447921e-01,0.000000000000000000e+00
-1.35E+00,-2.21E+00,1.000000000000000000e+00
-8.97E-01,-1.15E+00,1.000000000000000000e+00
6.626163699787793182e-02,2.691799946874809280e+00,0.000000000000000000e+00
-9.50E-01,-7.61E-01,1.000000000000000000e+00
6.013166613914249226e-01,4.425895962553819674e-01,0.000000000000000000e+00
-1.01E+00,2.551799226482750704e+00,0.000000000000000000e+00
1.299297338761190856e-01,5.531279603521381816e-01,0.000000000000000000e+00
7.156572948556705338e-01,2.304877927541452820e+00,0.000000000000000000e+00
6.804623369463618232e-01,2.253027216937320443e+00,0.000000000000000000e+00
-1.46E+00,2.649666266340430898e+00,1.000000000000000000e+00
-4.68E-02,1.069819130699378285e+00,1.000000000000000000e+00
-1.32E+00,-1.84E-01,1.000000000000000000e+00
-1.74E+00,4.304187797510830582e-01,0.000000000000000000e+00
-1.05E+00,6.672585798325755269e-01,1.000000000000000000e+00
-1.42E+00,-2.58E-01,1.000000000000000000e+00
-1.98E+00,1.028538915935116371e+00,1.000000000000000000e+00
-1.36E+00,-3.17E+00,1.000000000000000000e+00
3.882841792782957269e-01,1.072624342441319545e+00,0.000000000000000000e+00
1.436648679632210879e-01,1.063596007561308454e+00,0.000000000000000000e+00
1.004377992511488460e-01,-1.26E+00,1.000000000000000000e+00
2.018148295335859377e+00,-3.17E-01,0.000000000000000000e+00
-5.63E-01,5.058759584116312435e-02,1.000000000000000000e+00
-1.35E+00,-1.20E+00,1.000000000000000000e+00
2.550294469560620225e+00,-1.17E+00,0.000000000000000000e+00
2.256168666943508816e-01,2.897582987815470190e+00,0.000000000000000000e+00
-8.61E-01,2.795293823294644486e+00,0.000000000000000000e+00
1.973691899623819246e-01,-5.03E-02,0.000000000000000000e+00
-1.25E+00,-2.14E+00,1.000000000000000000e+00
1.178684184863676432e-01,-4.04E+00,1.000000000000000000e+00
2.147081019037880179e+00,-3.56E-01,0.000000000000000000e+00
-5.18E-01,-2.96E+00,1.000000000000000000e+00
2.382200606571251544e+00,-6.08E-01,0.000000000000000000e+00
1.587463888344886054e-01,2.513242981870795312e+00,0.000000000000000000e+00
5.014503527137854910e-02,-1.13E+00,1.000000000000000000e+00
7.844198459452540462e-01,-3.59E+00,1.000000000000000000e+00
1.923730272077014858e+00,6.296869870146873938e-01,0.000000000000000000e+00
-2.07E+00,-6.68E-01,1.000000000000000000e+00
5.184412837274441355e-01,1.658828898555563702e+00,0.000000000000000000e+00
-2.43E+00,8.062543538836934864e-01,1.000000000000000000e+00
3.105753199624255445e-01,3.031575479561506636e+00,0.000000000000000000e+00
-1.47E+00,-1.05E+00,1.000000000000000000e+00
-1.13E+00,-1.84E+00,1.000000000000000000e+00
-9.87E-02,-4.06E-01,1.000000000000000000e+00
1.460887101631416773e-01,-2.45E-01,1.000000000000000000e+00
-1.91E+00,-3.48E+00,1.000000000000000000e+00
1.083600225117686833e-02,1.151347018619845342e+00,0.000000000000000000e+00
-9.21E-01,-1.39E+00,1.000000000000000000e+00
8.492645263947040668e-01,1.296542040786661687e+00,0.000000000000000000e+00
-1.45E+00,-8.44E-01,1.000000000000000000e+00
-4.83E-01,7.030446769382012739e-01,1.000000000000000000e+00
1.835383244429448890e+00,-4.35E-01,0.000000000000000000e+00
6.258957595913556826e-01,9.937471223927664132e-01,0.000000000000000000e+00
-1.37E+00,-1.72E+00,1.000000000000000000e+00
-1.02E+00,6.762810192876227422e-01,1.000000000000000000e+00
-1.40E+00,6.790513168472049887e-01,1.000000000000000000e+00
3.131872503603009283e-01,1.846927916208749743e+00,0.000000000000000000e+00
-1.45E+00,7.919269449016022033e-01,1.000000000000000000e+00
-3.38E-01,7.591982670975491732e-02,1.000000000000000000e+00
2.086440461500520538e+00,1.275449282294147668e+00,0.000000000000000000e+00
-1.78E+00,-1.44E+00,1.000000000000000000e+00
-1.27E+00,-1.67E-01,1.000000000000000000e+00
-1.16E+00,-1.85E+00,1.000000000000000000e+00
1.187274122841072366e+00,1.908017199369968608e+00,0.000000000000000000e+00
2.362087717319826474e+00,2.185255143086139995e+00,0.000000000000000000e+00
-6.30E-01,-2.61E+00,1.000000000000000000e+00
-1.93E+00,2.540026674454186839e+00,1.000000000000000000e+00
1.416179850170053767e+00,1.342259455048214756e+00,0.000000000000000000e+00
1.968173951991225135e+00,1.803963189070822759e+00,0.000000000000000000e+00
-1.84E+00,2.239726750231444963e-01,1.000000000000000000e+00
-1.60E-01,2.911537532872352646e-02,1.000000000000000000e+00
-1.42E+00,-2.66E+00,1.000000000000000000e+00
-2.05E+00,6.452032503836038768e-03,1.000000000000000000e+00
1.426847420987180870e+00,3.480245132624719684e-01,0.000000000000000000e+00
-1.10E+00,-8.31E-01,1.000000000000000000e+00
1.769594079191046720e+00,1.583641119920768947e+00,0.000000000000000000e+00
2.684427818552666434e+00,3.197330590284287455e-01,0.000000000000000000e+00
-2.72E+00,-4.77E-01,1.000000000000000000e+00
-1.41E+00,-3.52E-01,1.000000000000000000e+00
7.950907374144836615e-01,2.096090515119831021e+00,0.000000000000000000e+00
2.940401273542402882e-01,-4.06E-01,1.000000000000000000e+00
-1.55E-01,2.718122622065886951e+00,0.000000000000000000e+00
-6.14E-01,-1.86E+00,1.000000000000000000e+00
1.357041428614458978e+00,-4.24E-01,0.000000000000000000e+00
-1.26E+00,-2.97E+00,1.000000000000000000e+00
1.620644052696030624e+00,1.928738440937919130e+00,0.000000000000000000e+00
-1.92E+00,4.693008928617026232e-02,1.000000000000000000e+00
-1.09E+00,-4.38E-01,1.000000000000000000e+00
8.312888523703213517e-01,1.921747351908609680e+00,0.000000000000000000e+00
3.105662413387496046e-01,-2.04E+00,1.000000000000000000e+00
8.334176032871833950e-01,3.207221109252037516e-01,0.000000000000000000e+00
1.339848382225917511e+00,-4.33E-01,0.000000000000000000e+00
-1.43E+00,2.110851452819265450e+00,1.000000000000000000e+00
-7.90E-01,-1.27E+00,1.000000000000000000e+00
-6.18E-01,-3.65E+00,1.000000000000000000e+00
-2.47E+00,-1.78E+00,1.000000000000000000e+00
1.961199267862587581e+00,-9.15E-01,0.000000000000000000e+00
-1.92E+00,-1.19E+00,0.000000000000000000e+00
-7.91E-01,-1.49E+00,1.000000000000000000e+00
-7.98E-01,-1.11E+00,1.000000000000000000e+00
1.541712338628828727e+00,2.191450542828622616e+00,0.000000000000000000e+00
2.208607366169422992e+00,1.542856381771737562e+00,0.000000000000000000e+00
-1.53E+00,-1.36E+00,1.000000000000000000e+00
1.509000450491656764e+00,-2.54E-01,0.000000000000000000e+00
1.610029598127056483e+00,1.082530220000934434e-01,0.000000000000000000e+00
3.397641112881528702e-01,-3.65E+00,1.000000000000000000e+00
-9.78E-01,-1.32E+00,1.000000000000000000e+00
2.451627358783802446e+00,-3.30E-01,0.000000000000000000e+00
6.419513380554897619e-02,2.409890006614349378e+00,0.000000000000000000e+00
-2.21E+00,-2.22E+00,1.000000000000000000e+00
9.348605533331871831e-02,-4.64E+00,1.000000000000000000e+00
8.888450490686921057e-01,9.334486946985134370e-01,0.000000000000000000e+00
-7.94E-01,-1.84E+00,1.000000000000000000e+00
3.181524532621761381e+00,3.952651405111762828e-01,0.000000000000000000e+00
3.448407992526272836e-01,1.392194578824437867e+00,0.000000000000000000e+00
-1.80E+00,-1.52E+00,1.000000000000000000e+00
-4.69E-01,-9.94E-01,1.000000000000000000e+00
1.160655755491770913e+00,2.616400387145645823e+00,0.000000000000000000e+00
1.129904349463260127e+00,4.133010073952470553e-01,0.000000000000000000e+00
2.579185950077679923e+00,6.343971727203669975e-01,0.000000000000000000e+00
-2.18E+00,-9.83E-01,1.000000000000000000e+00
1.454385357016497515e+00,6.477678926383885205e-01,0.000000000000000000e+00
-1.84E-02,1.376881656881417282e+00,0.000000000000000000e+00
3.048554397193864451e-01,-4.22E-01,0.000000000000000000e+00
-1.02E+00,4.214555072469149621e+00,0.000000000000000000e+00
1.173236301454420483e+00,1.528349231584607004e+00,0.000000000000000000e+00
1.735347721905329044e+00,2.356752460221602785e-01,0.000000000000000000e+00
3.615944746315708502e-01,-9.27E-01,1.000000000000000000e+00
2.383245668962762909e-01,3.102363957951362661e+00,0.000000000000000000e+00
1.777922883922140818e+00,2.563132319534902059e-01,0.000000000000000000e+00
1.259949254523474282e+00,-2.95E-01,0.000000000000000000e+00
1.515134089833856779e+00,6.864150174317038555e-01,0.000000000000000000e+00
-7.90E-01,-6.18E-01,1.000000000000000000e+00
-1.70E+00,-1.32E+00,1.000000000000000000e+00
2.450250775854829310e+00,1.348936908824505954e-01,0.000000000000000000e+00
-1.47E+00,2.536736103961744759e-01,1.000000000000000000e+00
1.384471476529751666e+00,4.400271951587604313e-01,0.000000000000000000e+00
-4.29E-01,-1.31E+00,1.000000000000000000e+00
-7.88E-01,-1.26E+00,1.000000000000000000e+00
1.056310621253060855e+00,1.913597173270386476e+00,0.000000000000000000e+00
1.677266945364096484e+00,9.385116743615407042e-01,0.000000000000000000e+00
-9.17E-01,1.380877621186514581e+00,0.000000000000000000e+00
1.182740193895326808e+00,2.628437686208743962e+00,0.000000000000000000e+00
-3.12E-01,4.484509531870657373e-01,1.000000000000000000e+00
-9.17E-01,-1.34E+00,1.000000000000000000e+00
-5.54E-01,-3.18E+00,1.000000000000000000e+00
-1.62E+00,-2.07E+00,1.000000000000000000e+00
7.539786730114814706e-01,1.260495446291014510e+00,0.000000000000000000e+00
-1.99E-01,1.360062409014261675e+00,0.000000000000000000e+00
1.491390369297797669e+00,-1.06E+00,0.000000000000000000e+00
1.219684407187476838e+00,2.537636063337592507e+00,0.000000000000000000e+00
1.242156838562248122e+00,-5.36E-01,0.000000000000000000e+00
-1.95E+00,-1.12E+00,1.000000000000000000e+00
-1.80E+00,-1.25E-01,1.000000000000000000e+00
-1.36E+00,-1.12E+00,1.000000000000000000e+00
-5.50E-01,-7.52E-01,1.000000000000000000e+00
1.509689466757615506e+00,4.091720880337884614e-01,0.000000000000000000e+00
2.066939218923033561e+00,7.008433657741333089e-01,0.000000000000000000e+00
-9.39E-01,-2.39E+00,1.000000000000000000e+00
1.421024469923825473e+00,1.558978896023472061e+00,0.000000000000000000e+00
-3.25E-01,1.785656892075799140e+00,0.000000000000000000e+00
-2.42E-01,1.917443787409995881e-01,1.000000000000000000e+00
-1.20E+00,-1.02E+00,1.000000000000000000e+00
-8.19E-01,3.126706857434561115e+00,0.000000000000000000e+00
-1.11E+00,-1.70E+00,1.000000000000000000e+00
2.888569790701593365e-01,2.060597974385591780e+00,0.000000000000000000e+00
-2.37E+00,1.068404056848350603e+00,1.000000000000000000e+00
-1.66E+00,1.863937368424620544e+00,1.000000000000000000e+00
1.303305151776900095e-01,2.306670126007310806e+00,0.000000000000000000e+00
-1.66E+00,-1.38E+00,1.000000000000000000e+00
3.531029159309697074e-01,1.462882515464561273e+00,0.000000000000000000e+00
-2.04E+00,1.584355544474281841e+00,1.000000000000000000e+00
-1.27E+00,6.024733808209336017e-01,1.000000000000000000e+00
-9.27E-01,-7.58E-02,1.000000000000000000e+00
-1.94E+00,-1.50E+00,1.000000000000000000e+00
1.396412065228937793e+00,9.697150686013098486e-01,0.000000000000000000e+00
-1.95E+00,-3.00E-01,1.000000000000000000e+00
-1.71E+00,-2.15E+00,1.000000000000000000e+00
-6.63E-01,-2.77E+00,1.000000000000000000e+00
1.499541562909108672e+00,4.034888221084449444e-01,0.000000000000000000e+00
8.367862005452787466e-01,7.727229584982385768e-01,0.000000000000000000e+00
1.038823246016443935e+00,2.234066792268394774e+00,0.000000000000000000e+00
7.054275123434171624e-01,-9.70E-01,1.000000000000000000e+00
-1.58E+00,-2.73E+00,1.000000000000000000e+00
-1.43E+00,2.261768634149164736e+00,1.000000000000000000e+00
9.753750841006293415e-01,3.115613540579069141e-01,1.000000000000000000e+00
1.162818694468447767e+00,4.191155259509886377e-02,0.000000000000000000e+00
1.995139091310907942e+00,2.772634815352317261e-01,0.000000000000000000e+00
-1.68E+00,-1.36E+00,1.000000000000000000e+00
-1.70E+00,-1.84E+00,1.000000000000000000e+00
-1.94E+00,-3.30E-01,1.000000000000000000e+00
1.143362731185651349e+00,6.407440890189519678e-01,0.000000000000000000e+00
1.024405569449568648e-01,5.062664783663763934e-01,0.000000000000000000e+00
-5.22E-01,2.516414314745575975e+00,0.000000000000000000e+00
1.229916424736385627e+00,-3.04E-01,0.000000000000000000e+00
-6.72E-02,-1.57E+00,1.000000000000000000e+00
1.968500371508968616e+00,-5.83E-01,0.000000000000000000e+00
-6.08E-01,-1.15E+00,1.000000000000000000e+00
1.291290850585305572e+00,-8.45E-02,0.000000000000000000e+00
-1.11E+00,3.411575956540987775e+00,0.000000000000000000e+00
-7.90E-01,-1.71E+00,1.000000000000000000e+00
-4.98E-01,-2.08E+00,1.000000000000000000e+00
5.422464413905689895e-01,5.936003232560170817e-01,0.000000000000000000e+00
-8.54E-01,2.470176650361635584e+00,0.000000000000000000e+00
-1.53E+00,-1.35E+00,1.000000000000000000e+00
-2.94E+00,2.552610231221905668e+00,1.000000000000000000e+00
1.936203274950944353e+00,1.652302926553670392e+00,0.000000000000000000e+00
2.450337019612971012e+00,-6.49E-01,0.000000000000000000e+00
4.006658559202274650e-01,1.568109955804314115e+00,0.000000000000000000e+00
1.261147632858018675e+00,6.756924950787472905e-01,0.000000000000000000e+00
5.628259263148106539e-01,1.388244956736715219e+00,0.000000000000000000e+00
1.609321181918875965e+00,-5.04E-01,0.000000000000000000e+00
-1.20E+00,2.232383371517363269e-01,1.000000000000000000e+00
1.563744781888870117e+00,1.870958315115981652e+00,0.000000000000000000e+00
-9.02E-01,-3.03E+00,1.000000000000000000e+00
7.095366676651198024e-01,9.661531623275317893e-01,0.000000000000000000e+00
-5.68E-02,-5.92E-01,1.000000000000000000e+00
3.422144189119556978e-01,1.798978333369778637e+00,0.000000000000000000e+00
2.308462520081264735e+00,-4.17E-01,0.000000000000000000e+00
-1.49E+00,-1.10E+00,1.000000000000000000e+00
1.294906317104452365e+00,1.761645931388286845e+00,0.000000000000000000e+00
2.885809701389732584e+00,-5.50E-01,0.000000000000000000e+00
-1.79E+00,1.536423012193856297e-01,1.000000000000000000e+00
-7.47E-01,-1.23E+00,1.000000000000000000e+00
3.476496321588660177e-01,1.900194751574983298e+00,0.000000000000000000e+00
1.174998518505891987e+00,1.546876306526392852e+00,0.000000000000000000e+00
-6.20E-01,6.734443514892238247e-02,1.000000000000000000e+00
-9.30E-01,3.760780096695653385e-01,1.000000000000000000e+00
1.204058630340892444e+00,-2.61E-01,0.000000000000000000e+00
-1.60E+00,-7.43E-02,1.000000000000000000e+00
3.394520769340895194e-01,2.162557589657113866e+00,0.000000000000000000e+00
4.263527046678582122e-02,-1.46E+00,1.000000000000000000e+00
-2.09E+00,8.946184071314730035e-01,1.000000000000000000e+00
2.497873591899373302e+00,-2.59E-01,0.000000000000000000e+00
-2.62E-02,1.788088946032749815e+00,0.000000000000000000e+00
3.767547691316566749e-01,1.650727109395681014e+00,0.000000000000000000e+00
2.690789341817575453e-01,-2.34E+00,1.000000000000000000e+00
1.038209447372594241e+00,1.536471590303604362e+00,0.000000000000000000e+00
1.712832636029117506e+00,7.275939867175504894e-01,0.000000000000000000e+00
2.980765860632339059e+00,1.286856063932299676e+00,0.000000000000000000e+00
2.515423480924295685e+00,-7.22E-02,0.000000000000000000e+00
5.353185694930243654e-01,-2.74E+00,1.000000000000000000e+00
-9.43E-01,-1.79E+00,1.000000000000000000e+00
-1.26E+00,-1.56E+00,1.000000000000000000e+00
-1.02E+00,-2.01E+00,1.000000000000000000e+00
1.177989358638394268e+00,1.342292795746786505e+00,0.000000000000000000e+00
1.666340219557383318e+00,2.176334034631472458e-01,0.000000000000000000e+00
-3.10E+00,-2.08E-01,0.000000000000000000e+00
-7.43E-01,-7.90E-01,0.000000000000000000e+00
-5.39E-01,-2.12E+00,1.000000000000000000e+00
-1.08E+00,-1.37E+00,1.000000000000000000e+00
2.934538202041319099e+00,-1.33E+00,0.000000000000000000e+00
-7.08E-01,-3.71E-01,1.000000000000000000e+00
3.167016906093101714e+00,-6.66E-01,0.000000000000000000e+00
6.754121858918388233e-01,1.419156041218885056e+00,0.000000000000000000e+00
-9.24E-01,-1.46E+00,1.000000000000000000e+00
2.667467787773746268e-01,2.340203387017797620e+00,0.000000000000000000e+00
1.637949322944208530e-01,1.654505605593891371e+00,0.000000000000000000e+00
2.605000918491714668e+00,7.766265568257030294e-01,0.000000000000000000e+00
3.243368643417112174e-01,1.982020499037985939e+00,0.000000000000000000e+00
-1.50E+00,-4.37E-01,1.000000000000000000e+00
-1.21E+00,3.153784300683559749e-01,1.000000000000000000e+00
2.157546125853878394e+00,5.107406049256137948e-01,0.000000000000000000e+00
6.883275616302399202e-02,-2.88E+00,1.000000000000000000e+00
-9.00E-01,-1.73E+00,1.000000000000000000e+00
1.655235804832475566e+00,1.342777281385325594e+00,0.000000000000000000e+00
2.117424017291359650e+00,-1.42E+00,0.000000000000000000e+00
1.644945133488465050e+00,-4.35E-01,0.000000000000000000e+00
1.515069095948804012e+00,1.264030754005720958e+00,0.000000000000000000e+00
-1.69E+00,1.280669970421838721e+00,1.000000000000000000e+00
2.084261371248477879e+00,8.852050270402516130e-01,0.000000000000000000e+00
-5.94E-01,-2.25E+00,1.000000000000000000e+00
-4.41E-02,8.135688854487489463e-01,0.000000000000000000e+00
-2.39E+00,-1.16E+00,1.000000000000000000e+00
2.910162895596006827e-01,7.470192785622115084e-01,0.000000000000000000e+00
-1.85E+00,-2.49E+00,1.000000000000000000e+00
-6.68E-01,8.285626137478662168e-01,1.000000000000000000e+00
-4.10E-01,-1.92E+00,1.000000000000000000e+00
-1.58E+00,2.789658233097159767e-01,1.000000000000000000e+00
-2.45E+00,7.554229323831946896e-01,1.000000000000000000e+00
-1.74E+00,2.228827875398001757e-01,1.000000000000000000e+00
1.532338974128183207e+00,1.265867946710337311e+00,0.000000000000000000e+00
1.867952213093197145e+00,2.123423246217213123e+00,0.000000000000000000e+00
2.926251014671181205e-01,-2.26E+00,1.000000000000000000e+00
-1.18E+00,2.174627361647247792e+00,0.000000000000000000e+00
1.253816597011237377e+00,8.443653867972977789e-02,0.000000000000000000e+00
1.371524916963981766e-01,8.741873405813374021e-01,0.000000000000000000e+00
-3.25E-01,-8.67E-01,1.000000000000000000e+00
1.887307895573374639e+00,3.039723647459278699e-01,0.000000000000000000e+00
2.210303851766048489e+00,3.218495338883454737e-01,0.000000000000000000e+00
-4.84E-02,-1.70E+00,1.000000000000000000e+00
3.438784498265988088e+00,-2.12E-01,0.000000000000000000e+00
-4.36E-01,1.877412261180844810e+00,0.000000000000000000e+00
-9.28E-01,-2.73E+00,1.000000000000000000e+00
6.398804861792946053e-01,1.904082250677213928e+00,0.000000000000000000e+00
2.078721098475192708e+00,9.644712208258501840e-02,0.000000000000000000e+00
8.921827247755794721e-01,1.460449675115435664e+00,0.000000000000000000e+00
-8.58E-01,3.451151715524200525e-01,1.000000000000000000e+00
-3.24E-01,-2.37E+00,1.000000000000000000e+00
4.025246877439673243e-01,1.676205712797985914e+00,0.000000000000000000e+00
1.589620232042027403e+00,1.126720920044655294e+00,0.000000000000000000e+00
7.148245995811357556e-01,-2.69E+00,1.000000000000000000e+00
-9.94E-01,5.034560962282644825e-01,1.000000000000000000e+00
-1.25E+00,9.849395169928232274e-01,1.000000000000000000e+00
